<semester id="24sp">
  <student id="00001">
    <exams>
      <exam id="1">87</exam>
      <exam id="2">79</exam>
      <exam id="3">73</exam>
     </exams>
    <quizzes>
      <quiz id="1">3.7</quiz>
      <quiz id="2">4.0</quiz>
    </quizzes>
  </student>
  <student id="00002">
    <exams>
      <exam id="1">98</exam>
      <exam id="2">81</exam>
      <exam id="3">76</exam>
     </exams>
    <quizzes>
      <quiz id="1">4.0</quiz>
      <quiz id="2">3.8</quiz>
      <quiz id="3">3.5</quiz>
    </quizzes>
  </student>
  <student id="00003">
    <exams>
      <exam id="1">100</exam>
      <exam id="2">99</exam>
      <exam id="3">105</exam>
     </exams>
    <quizzes></quizzes>
  </student>
  <student id="00005">
    <exams></exams>
    <quizzes>
      <quiz id="1">3.99</quiz>
      <quiz id="2">3.85</quiz>
      <quiz id="3">3.5</quiz>
    </quizzes>
  </student>
  <student id="00004">
    <exams></exams>
    <quizzes></quizzes>
  </student>
</semester>
